name,category,subcategory,imageUrl,gender,material,color,thickness,,,,,
워셔블 하찌 니트,상의,니트,https://image.msscdn.net/images/goods_img/20220303/2396645/2396645_4_125.jpg,Uni,아크릴 75%나일론 25%,green,보통(봄가을겨울),,,,,
화란 세미오버 니트 블랙,상의,니트,https://image.msscdn.net/images/goods_img/20190902/1139175/1139175_5_500.jpg,Uni,울 60% 아크릴 20% 캐시나일론 20%,black,보통(봄가을겨울),,,,,
하프 폴라 니트 티셔츠,상의,니트,https://image.msscdn.net/images/goods_img/20171025/659554/659554_6_500.jpg,Man,폴리에스터R 64% 레이온 33% 스판 3%,black,보통(봄가을겨울),,,,,
램스울 크루넥 오버니트,상의,니트,https://image.msscdn.net/images/goods_img/20200912/1599217/1599217_1_500.jpg,Uni,울 50% 아크릴 50%,gray,약간 두꺼움(가을겨울),,,,,
오버핏 옥스포드 셔츠,상의,셔츠,https://image.msscdn.net/images/goods_img/20211220/2272830/2272830_16793726612250_500.jpg,Man,면 100%,skyblue,약간 얇음(봄가을),,,,,
릴렉스 핏 옥스포드 셔츠,상의,셔츠,https://image.msscdn.net/images/prd_img/20190315/983339/detail_983339_1_500.jpg,Man,면 60% 폴리에스터 35% 폴리우레탄 5%,white,약간 얇음(봄가을),,,,,
젠틀 오픈 세미 오버핏 셔츠 블랙,상의,셔츠,https://image.msscdn.net/images/goods_img/20210622/2005113/2005113_1_500.jpg,Man,"폴리 98%, 스판2%",black,보통(봄여름가을),,,,,
루즈핏 오픈카라 텐셀 린넨 셔츠,상의,셔츠,https://image.msscdn.net/images/prd_img/20190408/1008043/detail_1008043_16790215393881_500.jpg,Man,라이오셀 70% 린넨 30%,navy,약간 얇음(봄여름가을),,,,,
에센셜 후드 스웻 셔츠,상의,후드,https://image.msscdn.net/images/goods_img/20220119/2314616/2314616_1_500.jpg,Man,면 60% 폴리 40%,gray,보통(봄가을),,,,,
2 TONE ARCH HOODIE GRAY,상의,후드,https://image.msscdn.net/images/goods_img/20220125/2326935/2326935_11_500.jpg,Uni,면 60% 폴리 40%,gray,보통(봄가을),,,,,
[기모] Geppetto 자수 후드 크림,상의,후드,https://image.msscdn.net/images/goods_img/20190911/1152854/1152854_3_500.jpg,Uni,면 100%,cream,약간 두꺼움(가을겨울),,,,,
SIGN LOGO HOOD BLACK,상의,후드,https://image.msscdn.net/images/goods_img/20220831/2758254/2758254_3_500.jpg,Uni,면 60% 폴리 40%,black,보통(봄가을),,,,,
Velour Soccer Jersey Black,상의,카라,https://image.msscdn.net/images/goods_img/20230119/3034895/3034895_16752250753178_500.jpg,Uni,면 60% 모달 40%,black,보통(봄가을),,,,,
오버핏 피케티셔츠,상의,카라,https://image.msscdn.net/images/goods_img/20190430/1031257/1031257_8_500.jpg,Man,면 100%,kaky,얇음(여름),,,,,
럭비 티셔츠 네이비,상의,카라,https://image.msscdn.net/images/goods_img/20210421/1913570/1913570_16784238435247_500.png,Uni,면 100%,stripe(navy),얇음(여름),,,,,
스웨트셔츠 ,상의,맨투맨,https://image.msscdn.net/images/goods_img/20190201/947067/947067_3_500.jpg,Man,면 100%,black,보통(봄가을),,,,,
오버핏 아치 로고 스웨트 셔츠,상의,맨투맨,https://image.msscdn.net/images/goods_img/20211011/2171559/2171559_3_500.jpg,Uni,면 60% 폴리 40%,green,보통(봄가을),,,,,
헤비 코튼 오버 럭비 맨투맨,상의,맨투맨,https://image.msscdn.net/images/goods_img/20210722/2038497/2038497_5_500.jpg,Uni,면 95% 스판 5%,navy,약간 두꺼움(가을겨울),,,,,
베츠 어센틱 맨투맨,상의,맨투맨,https://image.msscdn.net/images/goods_img/20200820/1557508/1557508_4_500.jpg,Uni,면 100%,gray,보통(봄가을),,,,,
레이어드 크루 넥 반팔 티셔츠,상의,반소매,https://image.msscdn.net/images/goods_img/20210825/2086653/2086653_1_500.jpg,Uni,면 100%,white,얇음(여름),,,,,
릴렉스 핏 크루 넥 반팔 티셔츠 [블랙],상의,반소매,https://image.msscdn.net/images/goods_img/20190327/996178/996178_3_500.jpg,Uni,면 100%,black,얇음(여름),,,,,
릴렉스 핏 크루 넥 반팔 티셔츠 [화이트],상의,반소매,https://image.msscdn.net/images/goods_img/20190327/996177/996177_3_500.jpg,Uni,면 100%,white,얇음(여름),,,,,
우먼즈 베이식 크루 넥 반팔 티셔츠,상의,반소매,https://image.msscdn.net/images/goods_img/20200423/1417691/1417691_2_500.jpg,Woman,면 100%,white,얇음(여름),,,,,
Longsleeve 무지 긴팔티,상의,긴소매,https://image.msscdn.net/images/prd_img/20160902/404474/detail_404474_1_500.jpg,Man,면 100%,black,약간 얇음(봄여름가을),,,,,
에센셜 레이어드 롱 슬리브 티셔츠,상의,긴소매,https://image.msscdn.net/images/prd_img/20200108/1265162/detail_1265162_5_500.jpg,Uni,면 100%,skyblue,약간 얇음(봄여름가을),,,,,
EMBROIDERY HANDSOME DAN STRIPE LS BLACK,상의,긴소매,https://image.msscdn.net/images/prd_img/20210811/2058139/detail_2058139_1_500.jpg,Uni,면 100%,stripe(black),약간 얇음(봄여름가을),,,,,
베이식 긴팔 티셔츠,상의,긴소매,https://image.msscdn.net/images/goods_img/20190905/1144989/1144989_3_500.jpg,Uni,면 100%,white,약간 얇음(봄여름가을),,,,,
스웻 후드 집업,아우터,후드집업,https://image.msscdn.net/images/goods_img/20210204/1778408/1778408_1_500.jpg,Uni,면 60% 폴리 40%,black,약간 두꺼움(가을겨울),,,,,
스탠다드 후드 스웨트 집업,아우터,후드집업,https://image.msscdn.net/images/prd_img/20170922/640839/detail_640839_10_500.jpg,Uni,면 60% 폴리 40%,gray,약간 두꺼움(가을겨울),,,,,
오버사이즈 울 트렌치 코트,아우터,코트,https://image.msscdn.net/images/goods_img/20180205/709189/709189_16768614323996_500.jpg,Man,울 28% 폴리 48% 레이온 20%폴리우레탄 4%,beige,보통(봄가을),,,,,
리치 오버 MA-1 자켓 블랙 YHJK2269,아우터,MA-1,https://image.msscdn.net/images/goods_img/20200205/1291017/1291017_1_500.jpg,Man,나일론 100%,black,보통(봄가을),,,,,
비건 투웨이 블루종 스웨이드 밴딩 점퍼 자켓,아우터,블루종,https://image.msscdn.net/images/goods_img/20220805/2701889/2701889_11_500.jpg,Woman,폴리 100%,ivory,보통(봄가을),,,,,
캐시미어 블렌드 오버사이즈 싱글 코트,아우터,코트,https://image.msscdn.net/images/goods_img/20180921/865862/865862_16760174722895_500.jpg,Man,모 75% 캐시미어 11% 폴리에스터 10% 기타섬유 4%,black,약간 두꺼움(가을겨울),,,,,
오버핏 무스탕 플리스 자켓,아우터,무스탕,https://image.msscdn.net/images/goods_img/20191022/1197873/1197873_2_500.jpg,Woman,인조가죽,black,약간 두꺼움(가을겨울),,,,,
드롭숄더핏 B-3 무스탕,아우터,무스탕,https://image.msscdn.net/images/prd_img/20201008/1639805/detail_1639805_1_500.jpg,Man,폴리우레탄 100%,black,약간 두꺼움(가을겨울),,,,,
RDS 롱 다운 파카 블랙,아우터,롱패딩,https://image.msscdn.net/images/goods_img/20200922/1616798/1616798_4_500.jpg,Uni,폴리 100%,black,매우 두꺼움(겨울),,,,,
미니멀 가디건,아우터,가디건,https://image.msscdn.net/images/goods_img/20210831/2100438/2100438_7_500.jpg,Man,울 50% 아크릴 25% 나일론 25%,black,약간 얇음(봄여름가을),,,,,
와이드 데님 팬츠,하의,데님,https://image.msscdn.net/images/goods_img/20181025/890338/890338_8_500.jpg,Man,면 100%,gray,보통(봄가을),,,,,
유틸리티 쇼츠,하의,숏,https://image.msscdn.net/images/goods_img/20180424/763134/763134_4_500.jpg,Man,나일론 100%,black,얇음(여름),,,,,
에센셜 세미 와이드 코듀로이 팬츠 크림,하의,코튼,https://image.msscdn.net/images/goods_img/20211018/2183795/2183795_1_500.jpg,Man,면 70%폴리30%,cream,보통(봄가을),,,,,
슬림 코튼 레깅스 차콜,하의,레깅스,https://image.msscdn.net/images/goods_img/20211105/2220605/2220605_1_500.png,Woman,폴리에스터 82% 폴리우레탄 18%,gray,보통(봄가을),,,,,
와이드 히든 밴딩 슬랙스,하의,슬랙스,https://image.msscdn.net/images/goods_img/20190927/1168906/1168906_16760171833932_500.jpg,Man,폴리에스터 67% 레이온 29% 폴리우레탄 4%,black,보통(봄가을),,,,,
우먼즈 슬릿 미니 스코츠,하의,스커트,https://image.msscdn.net/images/goods_img/20220511/2551401/2551401_1_500.jpg,Woman,폴리에스터 68% 레이온 28% 폴리우레탄 4%,black,얇음(여름),,,,,
